group_ref,対応,language
BombCryptoChannel,済,pt
Laptoplaivstyle,済,pt
Kucoin_News,済,pt
cheetahtool,済,pt
popcorn_today,済,pt
coincodecap,済,pt
udemy_free_courses_with_certi,済,pt
paget96_projects_channel,済,pt
BankInstrumentPPP,済,pt
devops_jobs_feed,済,pt
Ethiopianbusinessdaily,済,pt
cvenotify,済,pt
cryptoleaksz,済,pt
lu3ky_13,済,pt
canalgafanhotosdomercado,済,pt
igaming_work,済,pt
Canal_CodeTrading,済,pt
indianexpress,済,pt
ArcaTeam,済,pt
investimentosyubb,済,pt
ytghonisky,済,pt
NHASH_mining,済,pt
ctfplayers,済,pt
grupos_ti,済,pt
hrhubvacancy,済,pt
m27_Riza,済,pt
firepipsignals,済,pt
thekingdomcoinofficial,済,pt
kusaabrazars,済,pt
incomesourceyt,済,pt
unlimitedmoniesblog,済,pt
abetterweb3_cn,済,pt
foresightnews,済,pt
OpenBullet_Russia,,pt
thehouseofportable,,pt
consolefa,,pt
LearnExploit,,pt
freesubscriberGalaxy,,pt
theblockbeats,,pt
SAP_BASIS_TIPS_RU,,pt
realme12proplusupdates,,pt
dec_6h,,pt
techlabs254,,pt
ComputerResearch,,pt
rust_jobs_feed,,pt
tweakjailbreak,,pt
freefirepanelhack,,pt
steptradersofficial,,pt
melvpn,,pt
Rose,,pt
codeby_sec,,pt
KingRoosterAnnouncementsOfficial,,pt
materialdosvideos,,pt
nineandtenquestion,,pt
PinkSaleTracking,,pt
espiadinha,,pt
grupovipsereiadenoronha,,pt
PabloMarcal,,pt
euescolhiesperareee,,pt
mauradealbanesi,,pt
Hot_6Rgames,,pt
drabrunascalco_saudehoje,,pt
MizaelMichel,,pt
portaldobitcoin,,pt
thiagonigro,,pt
tributaristadofuturo,,pt
infomoney_noticias,,pt
ExameBr,,pt
cyrptohorse,,pt
profdanuzioneto,,pt
canalvitreo,,pt
financialmovecanal,,pt
mestredariqueza,,pt
jornadadadesfudencia,,pt
forbesinsider,,pt
stockpickersoficial,,pt
bitcoinblackpill_BR,,pt
vgresearchnews,,pt
urbeme,,pt
japanotradeoficial,,pt
maratonadosganhosrapidos,,pt
acertodecontas,,pt
raulhackerclub,,pt
ClubedosDividendos,,pt
sebraesc,,pt
hackersec,,pt
humbertovolts,,pt
teamsuno,,pt
CafeinaVagas,,pt
portalmigalhas,,pt
mepoupenaweb,,pt
DicasTelegram,,pt
engflora,,pt
listadapublica,,pt
GTAVIptbr,,pt
academiamisterins,,pt
meutedio,,pt
juristas,,pt
GazetaBrasilNews,,pt
gayblogbr,,pt
canalantenados,,pt
cryptodiffer,,pt
thetelegraphuk,,pt
chelsea_fc_worldwide,,pt
mrunalorg,,pt
MeghUpdates,,pt
toncoin,,pt
bark_protocol,,pt
nsgamming69,,pt
jordansather,,pt
updatestudiohub,,pt
Kyivpost_official,,pt
PLANETtechnologycorporation,,pt
nytimes,,pt
hongkongfp,,pt
rusembc,,pt
ThePrintIndia,,pt
LegalEdge,,pt
bloomberg,,pt
HealthHubSG,,pt
indiabasedgroups,,pt
RPtechnicals,,pt
Zabanheravi,,pt
ZedCurrentAffairs,,pt
Instablog9jaofficial,,pt
pubadpedia,,pt
NiravDa,,pt
englishzonebeginners,,pt
kenyainsight,,pt
PushkarRajThakurOfficial,,pt
Target30UPSC,,pt
ebr_news,,pt
The_Hindu_Editorial,,pt
TheFinancialExpressOnline,,pt
ethio_job_vacancy1,,pt
the_Right_People,,pt
hahujobs,,pt
constructionvacancies,,pt
Conversation_en,,pt
noel_reports,,pt
mahasarkar,,pt
ta453,,pt
MAKS23_NAFO,,pt
rybar_in_english,,pt
warmonitors,,pt
sputnik_africa,,pt
kenyanwallstreet,,pt
DDGeopolitics,,pt
myLordBebo,,pt
Slavyangrad,,pt
m365_roadmap,,pt
thetimeskuwait,,pt
assamtribuneoff,,pt
geromanat,,pt
rebellionbroadcast,,pt
financialTimesJournal,,pt
フィルタとトピック,,pt
検索結果,,pt
フッターのリンク,,pt
rafaelbevilacqua,,pt
chamatiohuli,,pt
MercadoFinanceiroExpert,,pt
finclassgrupoprimo,,pt
LigaCrypto,,pt
dinheirocomvoce,,pt
livecoinsBr,,pt
davidjustinchannel,,pt
eumebanco,,pt
clubedovalor,,pt
carteiraz,,pt
excelencianobolso,,pt
toroinvestimentos,,pt
academiarafaeltoro,,pt
xpeedschool,,pt
jfiis,,pt
psifernandalandeiro,,pt
gestao40im,,pt
igorcintra,,pt
C_engenhariacivilclassificados,,pt
academiaaltarenda,,pt
CamaradosDeputados,,pt
pythonbrasil,,pt
comunidadedasnacoes,,pt
foodbrasil_vagas,,pt
greicejovianeno12,,pt
marcelogermano,,pt
psicologianova,,pt
adrianogianini,,pt
pregadormanasses,,pt
esposassegundoocoracaodedeus,,pt
danilopereiraofficial,,pt
https:,,pt
dicassocialmedia,,pt
vagasderevisao,,pt
housoftsoftware,,pt
pedrinhodanasa,,pt
ecommercefreebrasil,,pt
cursosgrbrasil,,pt
channelitjobspe,,pt
esqudraodeelite,,pt
storephoenixsistemas,,pt
tec_concursos,,pt
giovannacarranza,,pt
pdvagas,,pt
phpbrasilvagas,,pt
doutorie,,pt
credenciadossaudepetrobras,,pt
groupeduca,,pt
topinvest_oficial,,pt
lidianeseveriano,,pt
previdenciandosemlimites,,pt
angoemprego,,pt
bancobig,,pt
panoramafarmaceutico,,pt
GrupoClubedeVagas,,pt
FuiAprovado,,pt
licinia,,pt
vagasfortalezaoficial,,pt
soporquestoes,,pt
comunidadepenin,,pt
srashtariano,,pt
pcdofafapromo,,pt
Marketing_Digital_TI,,pt
riorise,,pt
comunidadeemprego,,pt
VagasEmManauss,,pt
sejatrainee,,pt
movisione,,pt
xerifetechyoutube,,pt
shopee_br,,pt
pkalika_mathematics,,pt
ethreporterjobs,,pt
vagas_agro,,pt
javascriptbrvagas,,pt
chavedoemprego,,pt
BrunaTorlayTelegram,,pt
mt2tradingbr,,pt
thiagokoga,,pt
smstemporario,,pt
zdmpremium,,pt
milionariodigital,,pt
thiagoboeiradicas,,pt
bfbotmanager,,pt
tropicalwizard,,pt
CryptoComOfficialAnnouncements,,pt
rollerads,,pt
NanoEsInfo,,pt
clickdealer_aff,,pt
aappchannel,,pt
fastexexchange_news,,pt
propellerads_official,,pt
learn2tradenews,,pt
tkxannoucement,,pt
financemagnatesnews,,pt
fxpro,,pt
BWEnews,,pt
ipweb,,pt
forexeadownload,,pt
tether,,pt
fxb2bhub,,pt
hulusira,,pt
xinhua_news_agency_en,,pt
AleHig,,pt
chereta,,pt
crypto_insider_channel,,pt
searchenginesoptimization20,,pt
CryptoBuzzProject,,pt
cryptobitca,,pt
garden_btc,,pt
aztecafaucet,,pt
freshreporters,,pt
WeTheMedia,,pt
shopeebrasilvendedores,,pt
penalnapratica,,pt
pensecomoricolucasfialho,,pt
btgpactual,,pt
direitodetransitoporerica,,pt
pebsp,,pt
deficienciavisual2,,pt
milhas_sem_segredo,,pt
kineainvestimentos,,pt
HoraDoEmpregoDF,,pt
uacsaufrpe,,pt
contabilidadefacilitada,,pt
leilaodescomplicado,,pt
governodoceara,,pt
freela4k,,pt
redesbrasiloficial,,pt
canaldomarvel,,pt
HomeofficeServiceiflex,,pt
patricia_costa_ceramica_plastica,,pt
sebraerj,,pt
direito_tributario_na_pratica,,pt
aescoladesites,,pt
rcvet,,pt
civelnapratica,,pt
trabalhonotavel,,pt
CastroDigital,,pt
creditoruralnapratica,,pt
acionistacombr,,pt
estrategiavestibulares,,pt
clubedoshomens,,pt
felippeloureiro,,pt
tradevalor,,pt
analisedeacoes,,pt
marcelobarbosa,,pt
viajecomemprego,,pt
GenialAnalise,,pt
sunofundosimobiliarios,,pt
estrategiacarreirasjuridicas,,pt
calculistadeaco,,pt
milhaslucrativas,,pt
jesuscopyoficial,,pt
coachecortez,,pt
osintomatico,,pt
GamerFeed,,pt
pjamilk,,pt
hackerculture,,pt
btraderoficial,,pt
academiadediscursivas,,pt
brasilparalelooficial,,pt
canaldoventura,,pt
guilhermefreirefilosofia,,pt
dronengbr,,pt
mazzeiconexoesjuridica,,pt
stormeroficial,,pt
mblivre,,pt
rendimentovolts,,pt
amigosdoholder,,pt
ederxavier3d,,pt
nicbr,,pt
nucleojor,,pt
investidorbrasileiro,,pt
meuSucessocom,,pt
baixacultura,,pt
noventaporcentoemdividendos,,pt
comunidadecriptojadernogueira,,pt
GrupoBetinGamer,,pt
qgconcursos,,pt
curtiantony,,pt
gcoresidencias,,pt
canalartedaguerra,,pt
FRMUpdates,,pt
InstaKASforKPSC,,pt
civiccentredotin,,pt
suraguides,,pt
shodhganga_thesis_info_research,,pt
KalamIAS,,pt
sreedharscce,,pt
donatovnet,,pt
SarthakJainCA,,pt
manalaexmanakosam,,pt
Overlandbiology,,pt
Lead_IAS,,pt
PCSSaarthi,,pt
institut_vospitaniya,,pt
kingmakersiasacademy,,pt
bpmn2ru,,pt
AffairsCloudOfficial,,pt
galaxyclassesforcompetitiveexams,,pt
CrackCTET,,pt
RBYBIN,,pt
moneylife_foundation,,pt
Accounting_For_Ethiopia,,pt
stipendiumGlobal,,pt
Studyfunda22,,pt
ExploringGeology,,pt
udemyforever,,pt
forumiasofficial,,pt
SamajhoLearning,,pt
sankalp_education,,pt
careermattersng,,pt
PSCAA,,pt
BCA_official,,pt
ugreen,,pt
aksias,,pt
taxmannprofessionals,,pt
legaledge_PG,,pt
stockinsighthub,,pt
Ethiojob1Vacancy,,pt
capfpathfinders,,pt
JudiciaryGold,,pt
eSaralJEE,,pt
analogiasacademy,,pt
TheUdemy,,pt
lantern_russia,,pt
mppscgkgyan,,pt
JkStudyMaterials,,pt
addisfortune,,pt
gvwitmover,,pt
FrontlineIndia,,pt
ibclaws,,pt
vajiramandraviofficial,,pt
cyberbangla,,pt
hinduhighlights,,pt
livelawindia,,pt
DrAhtishamJanButt,,pt
lawbhoomi,,pt
faustobotelho,,pt
trade_objetivo,,pt
raioxpreditivooficial,,pt
abcmachado,,pt
criptoinvestidores,,pt
lel_tips,,pt
canaltradereb,,pt
inscritosmilionarios,,pt
FulltraderTelegram,,pt
BitNada,,pt
andremoraes,,pt
vagnersilvaecom,,pt
lucrofc,,pt
zeroaotudo,,pt
pogne,,pt
tigereyedv,,pt
jhonatasilvai,,pt
fabiosilvaMO,,pt
DCSTops,,pt
alexvargas_pro,,pt
thiagolobosmd,,pt
olimpocursos,,pt
canalnetgratiss,,pt
eita_porra,,pt
seducao_e_paixao,,pt
ops_citei,,pt
durov,,pt
liteforex,,pt
beholdisraelchannel,,pt
rhbwarrantmalaysia,,pt
kidacademy,,pt
HeadstartAfr,,pt
hr_recruiter_ua,,pt
daily_excelsior_official,,pt
robotavidtata,,pt
freecourseweb,,pt
itrues,,pt
Middle_East_Spectator,,pt
mintpress_news,,pt
JonDowling,,pt
